place_id,location_name,author_name,rating,datetime_utc,text
ChIJxW-Re6uxKIQR7oj9qcMA9VI,"Express Care by Valvoline ""La Paz""",Alejandro ?Sr. Alejo? Pi��n Coronado,5,2024-12-12 19:46:19,"since my call to quote and see if they had time. excellent attention. not only did they care about telling me what the vehicle needed, they took the time to provide a solution. so not only did i have an oil change service, it was excellent service from they all as a team worked on the vehicle. excellent experience for me as a customer and for the vehicle. susana, francisco and israel."
ChIJxW-Re6uxKIQR7oj9qcMA9VI,"Express Care by Valvoline ""La Paz""",Edgar Ortega,5,2025-02-17 18:04:24,excellent service..!!
ChIJxW-Re6uxKIQR7oj9qcMA9VI,"Express Care by Valvoline ""La Paz""",Eric Rosales,5,2024-11-29 16:57:13,"they attended to me super quickly, they explained very well the differences between the oils, the duration and everything was super good. highly recommended!"
ChIJxW-Re6uxKIQR7oj9qcMA9VI,"Express Care by Valvoline ""La Paz""",Francisco Cisneros,5,2025-02-13 19:26:43,very quickly and kindly they check your car and inform you of any leaks or damage that the vehicle may have.
ChIJxW-Re6uxKIQR7oj9qcMA9VI,"Express Care by Valvoline ""La Paz""",David Mireles,5,2024-11-27 16:25:36,fast and reliable service. yes i recommend it
ChIJufnSMOyuKIQR-SDlPGEabXU,"Ramírez Padilla Juan Israel ""Pit Lub Autónoma""",Enrique Espinosa,5,2024-07-18 12:37:36,highly recommended; excellent service and attention.
ChIJufnSMOyuKIQR-SDlPGEabXU,"Ramírez Padilla Juan Israel ""Pit Lub Autónoma""",Jesus Barocio,5,2024-12-21 17:50:10,"i went with my dad to do an oil change service and i thought the service was very good, the people who serve them were very friendly, i recommend it ?"
ChIJufnSMOyuKIQR-SDlPGEabXU,"Ramírez Padilla Juan Israel ""Pit Lub Autónoma""",Ezequiel Villanueva,5,2025-01-31 11:07:10,"very good service, fast, well done and excellent attention."
ChIJufnSMOyuKIQR-SDlPGEabXU,"Ramírez Padilla Juan Israel ""Pit Lub Autónoma""",Jaime Nieto,5,2024-12-10 20:48:06,"excellent service, speed and friendliness at a good price"
ChIJufnSMOyuKIQR-SDlPGEabXU,"Ramírez Padilla Juan Israel ""Pit Lub Autónoma""",Andrea Garcia,5,2025-01-21 21:33:27,excellent service and super fast
